id,filtered_words_str,label
F000,hoax confirmed sources future event everyone. couple nearly focus particularly two sound. — shocking claims hoax surface internet.,0.0
F001,aliens confirmed sources today hit gas buy. school seven material according offer nor. feel recognize discuss fast bad receive. — shocking claims aliens surface internet.,0.0
F003,secret cure confirmed sources specific season special its. ability brother give exactly. — shocking claims secret cure surface internet.,0.0
F004,secret cure confirmed sources read forward defense economy win move ago. set method audience series. behavior scientist of. — shocking claims secret cure surface internet.,0.0
F005,flat earth confirmed sources magazine black material attorney catch. southern process involve. — shocking claims flat earth surface internet.,0.0
F007,immortal jellyfish confirmed sources soon voice move agreement evening surface. — shocking claims immortal jellyfish surface internet.,0.0
F009,celebrity scandal confirmed sources thousand mouth use indeed. decision force response pattern professional. — shocking claims celebrity scandal surface internet.,0.0
F010,aliens confirmed sources throughout sister business machine. — shocking claims aliens surface internet.,0.0
F011,aliens confirmed sources approach expect coach per unit city. — shocking claims aliens surface internet.,0.0
F012,hoax confirmed sources provide near defense pattern exist claim. available anything computer evening policy. already book sea. — shocking claims hoax surface internet.,0.0
F014,secret cure confirmed sources nothing within health. change per along nearly investment better. — shocking claims secret cure surface internet.,0.0
F015,immortal jellyfish confirmed sources throughout mean speak style nice. — shocking claims immortal jellyfish surface internet.,0.0
F016,aliens confirmed sources night member usually. phone magazine future generation involve brother table sometimes. finish side hotel human message know. — shocking claims aliens surface internet.,0.0
F017,immortal jellyfish confirmed sources notice anything. business party drug writer follow sort. — shocking claims immortal jellyfish surface internet.,0.0
F018,secret cure confirmed sources research hand certain main. total get congress affect. — shocking claims secret cure surface internet.,0.0
F020,celebrity scandal confirmed sources according late effort event occur window partner. federal answer easy effort most. military media system yard they. born meeting across shake treat want. — shocking claims celebrity scandal surface internet.,0.0
F021,secret cure confirmed sources class address opportunity. measure north also successful along mouth system. — shocking claims secret cure surface internet.,0.0
F022,government cover-up confirmed sources total force traditional turn administration floor catch. leader learn throw tell us feeling. — shocking claims government cover-up surface internet.,0.0
F024,aliens confirmed sources half land beautiful hospital expect reach. — shocking claims aliens surface internet.,0.0
F025,flat earth confirmed sources population score dinner return management enter. image though media participant throughout if. — shocking claims flat earth surface internet.,0.0
F026,celebrity scandal confirmed sources appear talk account figure receive along ok. character voice pressure hair chance land close. — shocking claims celebrity scandal surface internet.,0.0
F027,miracle drug confirmed sources keep never day military face network. structure decision sign. unit put visit suddenly occur team. — shocking claims miracle drug surface internet.,0.0
F028,mind control confirmed sources fire future hot effect. several back defense entire walk. man society time system assume one around. — shocking claims mind control surface internet.,0.0
F030,secret cure confirmed sources build federal keep church. apply save price pull. describe sometimes every open make wait. final physical article suddenly subject some. — shocking claims secret cure surface internet.,0.0
F031,miracle drug confirmed sources left car million. take guy structure. — shocking claims miracle drug surface internet.,0.0
F032,hoax confirmed sources gas try past between. newspaper hand fund effort money crime past. party positive scene seem easy. detail similar staff administration early. — shocking claims hoax surface internet.,0.0
F033,hoax confirmed sources improve management read painting economy. issue respond administration war us but. — shocking claims hoax surface internet.,0.0
F034,celebrity scandal confirmed sources glass ball job rule. reach exist apply. hear nature protect both. — shocking claims celebrity scandal surface internet.,0.0
F036,miracle drug confirmed sources knowledge although experience note year. reduce give radio music. clear best throw soon window image. — shocking claims miracle drug surface internet.,0.0
F037,miracle drug confirmed sources protect quickly scientist identify certain game beautiful. image last yeah good. security pattern matter. history fact north huge. — shocking claims miracle drug surface internet.,0.0
F038,mind control confirmed sources well end degree house record. front model art pull. — shocking claims mind control surface internet.,0.0
F039,aliens confirmed sources also home. region recently go democratic. — shocking claims aliens surface internet.,0.0
F040,government cover-up confirmed sources detail reach safe choice reality. result cover crime physical benefit outside organization. — shocking claims government cover-up surface internet.,0.0
F041,immortal jellyfish confirmed sources build degree. item recent mrs represent partner. — shocking claims immortal jellyfish surface internet.,0.0
F042,hoax confirmed sources pay beyond treatment. right forget heart artist article. loss money focus buy health suggest thus bad. — shocking claims hoax surface internet.,0.0
F043,celebrity scandal confirmed sources physical catch strategy network side. social cup role near away rule. — shocking claims celebrity scandal surface internet.,0.0
F044,hoax confirmed sources personal high street thought history. republican interest first indicate girl catch. standard forward even story just. — shocking claims hoax surface internet.,0.0
F048,secret cure confirmed sources large another quickly condition toward ready. question newspaper future plan. — shocking claims secret cure surface internet.,0.0
F050,aliens confirmed sources return power decade quality energy claim. yeah year listen turn. common begin address professor until. — shocking claims aliens surface internet.,0.0
F052,mind control confirmed sources whole situation media friend expert their. network song long among customer admit such. — shocking claims mind control surface internet.,0.0
F053,hoax confirmed sources keep often simple ever training style. hour star. agree green stay century professional former doctor. — shocking claims hoax surface internet.,0.0
F054,secret cure confirmed sources class nature keep really example. pressure sit spend commercial. whose edge attention owner summer thus about. — shocking claims secret cure surface internet.,0.0
F056,celebrity scandal confirmed sources protect budget third your. edge red simple discussion. — shocking claims celebrity scandal surface internet.,0.0
F057,mind control confirmed sources carry choose environmental might site receive. — shocking claims mind control surface internet.,0.0
F058,government cover-up confirmed sources win machine life feeling. many plant believe message. woman wonder leg police necessary. — shocking claims government cover-up surface internet.,0.0
F059,miracle drug confirmed sources senior film research. many suggest say glass. lose third low level society region maybe. — shocking claims miracle drug surface internet.,0.0
F060,flat earth confirmed sources away brother research thank. — shocking claims flat earth surface internet.,0.0
F061,miracle drug confirmed sources professional approach foot support simple theory clearly. senior skill agent admit. — shocking claims miracle drug surface internet.,0.0
F063,secret cure confirmed sources already everyone operation church kid. ten knowledge first artist their. — shocking claims secret cure surface internet.,0.0
F064,mind control confirmed sources moment provide run. business west follow. — shocking claims mind control surface internet.,0.0
F065,hoax confirmed sources method speak mouth daughter. — shocking claims hoax surface internet.,0.0
F066,flat earth confirmed sources involve try usually guy sort machine ten quality. argue short star. happy middle worker key general stage. bar alone term rest training physical. — shocking claims flat earth surface internet.,0.0
F067,immortal jellyfish confirmed sources miss thus conference involve itself. among impact model close return wonder she. — shocking claims immortal jellyfish surface internet.,0.0
F068,secret cure confirmed sources behind debate crime conference seem study green. owner door. natural safe strong box tonight whole. — shocking claims secret cure surface internet.,0.0
F070,government cover-up confirmed sources see successful watch commercial. someone cold answer account management us recent. mouth way theory. — shocking claims government cover-up surface internet.,0.0
F071,celebrity scandal confirmed sources training practice pass. consider responsibility training. fill available body. — shocking claims celebrity scandal surface internet.,0.0
F072,mind control confirmed sources claim career thing contain. send fish short different eat. task wait build service sister first. — shocking claims mind control surface internet.,0.0
F073,immortal jellyfish confirmed sources turn argue law others perhaps us. especially office allow new feeling shake. — shocking claims immortal jellyfish surface internet.,0.0
F074,secret cure confirmed sources democratic something even mean enjoy. news million. prepare night nice expert. — shocking claims secret cure surface internet.,0.0
F075,miracle drug confirmed sources center bring sport drug record choose. hotel believe blue million actually. budget difficult measure administration simply agreement. reduce author process democrat tonight support. — shocking claims miracle drug surface internet.,0.0
F076,aliens confirmed sources various story time red population food. send rise political model. — shocking claims aliens surface internet.,0.0
F078,aliens confirmed sources true consider marriage reveal. enjoy shake member civil. drive among movie. — shocking claims aliens surface internet.,0.0
F079,miracle drug confirmed sources perhaps suffer region line notice bar. rich value charge nice. majority around season store. — shocking claims miracle drug surface internet.,0.0
F080,celebrity scandal confirmed sources newspaper change easy agent foot. — shocking claims celebrity scandal surface internet.,0.0
F081,mind control confirmed sources teacher road student audience. really majority stock state probably realize. project impact real other. — shocking claims mind control surface internet.,0.0
F082,hoax confirmed sources nation card theory probably. lay employee remember less character their. — shocking claims hoax surface internet.,0.0
F083,secret cure confirmed sources firm population surface take decade top seem. effect begin wonder worry hospital parent. nature machine exist spend plan. — shocking claims secret cure surface internet.,0.0
F084,miracle drug confirmed sources land beautiful condition civil. decade ground sing difference. open cold attack industry provide practice. — shocking claims miracle drug surface internet.,0.0
F085,secret cure confirmed sources middle argue although prevent stay sister. show black return early kid how. social red bad leg seem civil prepare. — shocking claims secret cure surface internet.,0.0
F086,government cover-up confirmed sources thousand smile case. science machine attorney material assume beat. — shocking claims government cover-up surface internet.,0.0
F087,celebrity scandal confirmed sources reduce since term far without daughter operation citizen. wear charge quite person put seven. upon learn thought anything give how. — shocking claims celebrity scandal surface internet.,0.0
F088,government cover-up confirmed sources phone piece meet professional still crime. stay let animal enjoy dark method. seven popular project person air. — shocking claims government cover-up surface internet.,0.0
F089,flat earth confirmed sources around democrat future step college station already. girl among remain area media consider. purpose red group spend argue player. economic research try room week land body them. — shocking claims flat earth surface internet.,0.0
F090,mind control confirmed sources executive rather deep remain term find. — shocking claims mind control surface internet.,0.0
F091,flat earth confirmed sources central task rule paper. radio six life ready. — shocking claims flat earth surface internet.,0.0
F092,secret cure confirmed sources describe simply want describe break teach four center. claim participant analysis street. choice old foreign community understand. — shocking claims secret cure surface internet.,0.0
F093,immortal jellyfish confirmed sources tell light interesting teacher rate clearly season. guy investment evening sing movie area. — shocking claims immortal jellyfish surface internet.,0.0
F094,immortal jellyfish confirmed sources painting issue new hair. — shocking claims immortal jellyfish surface internet.,0.0
F095,mind control confirmed sources never know many star rate. film local explain medical among. everybody card across wear identify article bring. couple town old tv. — shocking claims mind control surface internet.,0.0
F096,celebrity scandal confirmed sources mention despite continue. nature involve image tax. response training reality. — shocking claims celebrity scandal surface internet.,0.0
F097,celebrity scandal confirmed sources represent billion seven seat within financial bring. — shocking claims celebrity scandal surface internet.,0.0
F098,miracle drug confirmed sources still process republican phone resource seek opportunity. term certainly perform. decision hot. — shocking claims miracle drug surface internet.,0.0
F099,secret cure confirmed sources yeah new across important serious. — shocking claims secret cure surface internet.,0.0
F101,immortal jellyfish confirmed sources prevent meet move under. almost board much billion billion appear. wear market example. — shocking claims immortal jellyfish surface internet.,0.0
F102,government cover-up confirmed sources expert open worry opportunity. — shocking claims government cover-up surface internet.,0.0
F103,hoax confirmed sources imagine ability report power science choose. strategy large rise. — shocking claims hoax surface internet.,0.0
F104,aliens confirmed sources baby kind next drive. modern garden case heavy even responsibility. sing hear scene high reflect. — shocking claims aliens surface internet.,0.0
F105,hoax confirmed sources gas detail raise available heart certainly technology adult. side mean mission my. — shocking claims hoax surface internet.,0.0
F106,flat earth confirmed sources office couple. ok skin range pressure quite. spend onto fly hotel authority. include threat. — shocking claims flat earth surface internet.,0.0
F107,flat earth confirmed sources quickly store many. relationship wind million network. security interview cut shoulder author window. — shocking claims flat earth surface internet.,0.0
F108,celebrity scandal confirmed sources term name pretty agree song. kitchen work mother save apply series approach. effort amount example offer. — shocking claims celebrity scandal surface internet.,0.0
F109,hoax confirmed sources space picture far put manager degree. source republican cover seat morning half. end minute air spring. — shocking claims hoax surface internet.,0.0
F110,celebrity scandal confirmed sources lead program carry like consumer paper. plan morning respond clear best. — shocking claims celebrity scandal surface internet.,0.0
F111,celebrity scandal confirmed sources sea class approach possible forget network tend mean. discuss lose system decade. gas network affect particularly improve morning wear can. — shocking claims celebrity scandal surface internet.,0.0
F113,immortal jellyfish confirmed sources special meet military mean record civil. view vote affect himself. put wonder bad hair near debate. — shocking claims immortal jellyfish surface internet.,0.0
F114,mind control confirmed sources unit sign fund. various special teach discuss part wife office seem. — shocking claims mind control surface internet.,0.0
F115,immortal jellyfish confirmed sources travel reason court animal your. without politics remember behavior ever ago value support. — shocking claims immortal jellyfish surface internet.,0.0
F119,mind control confirmed sources sell body. cultural main agent really statement special. oil natural half another age. — shocking claims mind control surface internet.,0.0
F120,miracle drug confirmed sources poor past style star audience put society. camera firm art toward never player. within dinner place protect past. — shocking claims miracle drug surface internet.,0.0
F121,hoax confirmed sources imagine bill knowledge writer red scene. throughout people. — shocking claims hoax surface internet.,0.0
F122,mind control confirmed sources test along director toward. every major bring him. name outside choice hear see section. — shocking claims mind control surface internet.,0.0
F123,celebrity scandal confirmed sources move box know place message score sport. science quality eat four on. together drop suffer try ask. learn cold anything you. — shocking claims celebrity scandal surface internet.,0.0
F124,flat earth confirmed sources able company board show raise investment goal. hotel operation opportunity trial. — shocking claims flat earth surface internet.,0.0
F125,government cover-up confirmed sources stuff role focus activity approach and. lose yet inside choose baby now. others yard work outside far. manager center action operation. — shocking claims government cover-up surface internet.,0.0
F126,aliens confirmed sources happen really order hear parent. visit participant own. wide bed mr discussion. — shocking claims aliens surface internet.,0.0
F127,mind control confirmed sources movement forget quite season authority. inside six personal woman process join. — shocking claims mind control surface internet.,0.0
F128,immortal jellyfish confirmed sources around collection evidence crime. move former short check administration base. — shocking claims immortal jellyfish surface internet.,0.0
F130,immortal jellyfish confirmed sources wait buy tell. society establish past anything site much. term whether investment order consumer. — shocking claims immortal jellyfish surface internet.,0.0
F132,mind control confirmed sources space hold big machine shake. wind anything strategy. — shocking claims mind control surface internet.,0.0
F133,immortal jellyfish confirmed sources common enjoy final time. major mother night enter describe side. responsibility young laugh according whose. democrat leader radio have. — shocking claims immortal jellyfish surface internet.,0.0
F134,secret cure confirmed sources two surface responsibility fact right american. alone scene carry statement statement better. film news. — shocking claims secret cure surface internet.,0.0
F135,flat earth confirmed sources huge speak season prevent rest car rock realize. budget general site type. film turn simple. — shocking claims flat earth surface internet.,0.0
F136,miracle drug confirmed sources response next main key contain operation former. argue future watch enough interview must. system million find build. — shocking claims miracle drug surface internet.,0.0
F137,flat earth confirmed sources finally hand media public international character avoid. — shocking claims flat earth surface internet.,0.0
F138,immortal jellyfish confirmed sources check increase environment argue sure. road goal hit sure various. small mrs quality response student. fear piece official future loss. — shocking claims immortal jellyfish surface internet.,0.0
F139,immortal jellyfish confirmed sources sing point dog field. get friend size parent fact plan. — shocking claims immortal jellyfish surface internet.,0.0
F140,aliens confirmed sources low food else sea increase. — shocking claims aliens surface internet.,0.0
F141,miracle drug confirmed sources today money cover early although. might behind politics ability sign move keep. — shocking claims miracle drug surface internet.,0.0
F142,government cover-up confirmed sources dog bring feel create. — shocking claims government cover-up surface internet.,0.0
F143,aliens confirmed sources south lot smile memory. remain past option four state degree produce. knowledge popular company focus key. dream cut career way contain. — shocking claims aliens surface internet.,0.0
F144,hoax confirmed sources cause nice usually. sing fly something tell. tree surface detail evidence cold. — shocking claims hoax surface internet.,0.0
F145,miracle drug confirmed sources purpose five true start seven recently. better across senior section tend. main ahead cause year success statement politics response. suddenly far may character. — shocking claims miracle drug surface internet.,0.0
F146,mind control confirmed sources later election food current last few. material box agent stock design help assume speak. point first none. — shocking claims mind control surface internet.,0.0
F147,secret cure confirmed sources inside final kitchen first. year change society step choice part. — shocking claims secret cure surface internet.,0.0
F148,aliens confirmed sources chair discuss economy yeah our. wear increase hour security wife summer notice. — shocking claims aliens surface internet.,0.0
F149,secret cure confirmed sources shake none series town. another begin training. evening impact sit sit. — shocking claims secret cure surface internet.,0.0
F150,hoax confirmed sources special mission financial mind party. rest apply officer country right language certain water. street couple all. health best professor argue. — shocking claims hoax surface internet.,0.0
F151,hoax confirmed sources need leader democratic. view notice commercial threat treatment. resource hour tough analysis. — shocking claims hoax surface internet.,0.0
F153,hoax confirmed sources involve test forward anything defense small either. citizen second tree summer. nation dream. — shocking claims hoax surface internet.,0.0
F154,immortal jellyfish confirmed sources time develop accept project natural. large lawyer task provide worry. worker early walk show model pattern. — shocking claims immortal jellyfish surface internet.,0.0
F155,flat earth confirmed sources big education exist. front chance while. artist product view reach participant. fact even room water prepare. — shocking claims flat earth surface internet.,0.0
F156,flat earth confirmed sources tough describe evidence ask voice particular music interesting. else detail data expect. — shocking claims flat earth surface internet.,0.0
F157,government cover-up confirmed sources identify discussion future road begin. feeling physical hair allow. hit answer rock great. material teach address rock whether realize similar. — shocking claims government cover-up surface internet.,0.0
F158,immortal jellyfish confirmed sources sense everything political true sense step pay. case pretty spend. — shocking claims immortal jellyfish surface internet.,0.0
F159,flat earth confirmed sources school skill realize lawyer build case enough spend. throughout lose step happen pull myself. — shocking claims flat earth surface internet.,0.0
F161,immortal jellyfish confirmed sources easy none market current include. seek tax behind recently test early. — shocking claims immortal jellyfish surface internet.,0.0
F162,celebrity scandal confirmed sources social tree lead cover total foreign. — shocking claims celebrity scandal surface internet.,0.0
F163,secret cure confirmed sources draw ago foreign rich. large whole often. — shocking claims secret cure surface internet.,0.0
F165,secret cure confirmed sources anything raise possible charge matter also heavy. tough focus remember lead. — shocking claims secret cure surface internet.,0.0
F166,mind control confirmed sources stand mother north trial thing article. buy technology almost. — shocking claims mind control surface internet.,0.0
F167,celebrity scandal confirmed sources popular discussion ability recognize. citizen religious view truth next summer truth. hotel sell sing student color name very. — shocking claims celebrity scandal surface internet.,0.0
F169,government cover-up confirmed sources ago carry. simple people religious receive major might bank. — shocking claims government cover-up surface internet.,0.0
F170,immortal jellyfish confirmed sources market even traditional grow foot position husband. describe travel make. appear six remain. — shocking claims immortal jellyfish surface internet.,0.0
F172,hoax confirmed sources condition lose game worker. data quickly year production. image bring chance just. — shocking claims hoax surface internet.,0.0
F173,secret cure confirmed sources argue child several fine standard start. life middle information soon back must. — shocking claims secret cure surface internet.,0.0
F174,secret cure confirmed sources single along evening miss avoid lead. north subject machine term continue term business. exist reduce employee house strategy beat. break enjoy arrive letter make break. — shocking claims secret cure surface internet.,0.0
F175,hoax confirmed sources operation apply occur strategy. read person economic family lose send. — shocking claims hoax surface internet.,0.0
F176,miracle drug confirmed sources chair pass. throw western yeah yes. identify run worry start lose traditional will. — shocking claims miracle drug surface internet.,0.0
F177,aliens confirmed sources road star risk point house. — shocking claims aliens surface internet.,0.0
F178,immortal jellyfish confirmed sources social food medical player debate. bank stay smile. follow blue floor southern understand machine dream. — shocking claims immortal jellyfish surface internet.,0.0
F179,secret cure confirmed sources appear send pressure then. visit option popular design effort. — shocking claims secret cure surface internet.,0.0
F180,secret cure confirmed sources rule many side american organization west. history language return under. offer determine size international president all. — shocking claims secret cure surface internet.,0.0
F181,aliens confirmed sources professional tv professor safe cell attack. war everybody spend radio suffer hot. eat sit fire science off. — shocking claims aliens surface internet.,0.0
F182,hoax confirmed sources congress summer return social situation. — shocking claims hoax surface internet.,0.0
F184,secret cure confirmed sources customer evidence decide course. son receive way data pressure while. hospital receive seat civil far contain. — shocking claims secret cure surface internet.,0.0
F185,hoax confirmed sources program cold everybody statement natural. manager physical success former. great less design design mission. — shocking claims hoax surface internet.,0.0
F186,aliens confirmed sources employee rest important. — shocking claims aliens surface internet.,0.0
F187,miracle drug confirmed sources stage fine full interesting tonight. campaign impact character particularly capital find. — shocking claims miracle drug surface internet.,0.0
F188,hoax confirmed sources person news lay author season different. push north camera best important. — shocking claims hoax surface internet.,0.0
F190,secret cure confirmed sources environment share although animal firm scientist what. work ready rest role. together city six cause. — shocking claims secret cure surface internet.,0.0
F191,mind control confirmed sources big suffer one situation response through. return term senior perform. laugh new magazine unit investment. — shocking claims mind control surface internet.,0.0
F192,government cover-up confirmed sources purpose everyone prove coach decade store. — shocking claims government cover-up surface internet.,0.0
F193,secret cure confirmed sources current join cut military practice exist early. action arm name cause. letter town enough keep hold red. — shocking claims secret cure surface internet.,0.0
F194,immortal jellyfish confirmed sources true process perform. last still call well those. — shocking claims immortal jellyfish surface internet.,0.0
F195,flat earth confirmed sources far time year floor. imagine radio reality black. — shocking claims flat earth surface internet.,0.0
F196,government cover-up confirmed sources traditional push finally perhaps despite. instead type song oil probably. — shocking claims government cover-up surface internet.,0.0
F197,secret cure confirmed sources pass control especially. owner life trouble memory red bar purpose least. realize strong century sport free leave media. — shocking claims secret cure surface internet.,0.0
F198,government cover-up confirmed sources big kid decade serve nation. state give open radio. street morning including us. — shocking claims government cover-up surface internet.,0.0
F199,celebrity scandal confirmed sources happen without machine against. fact light strategy term. risk establish product. — shocking claims celebrity scandal surface internet.,0.0
F200,secret cure confirmed sources seek view drug hold financial professional. piece always weight. office direction according employee. — shocking claims secret cure surface internet.,0.0
F201,hoax confirmed sources white cell enough agree environment. military range according. — shocking claims hoax surface internet.,0.0
F202,hoax confirmed sources drug head increase. strategy happen interest forget reach. audience wait glass material food. — shocking claims hoax surface internet.,0.0
F203,celebrity scandal confirmed sources study accept free join top. fall gun despite fund push teacher. according project local set must many. — shocking claims celebrity scandal surface internet.,0.0
F205,celebrity scandal confirmed sources blood together start cut maybe. technology letter employee thing tonight begin type. road option nation mind control thousand control. — shocking claims celebrity scandal surface internet.,0.0
F206,celebrity scandal confirmed sources detail face fund everything specific involve beat. majority trip together possible upon consider myself. — shocking claims celebrity scandal surface internet.,0.0
F207,government cover-up confirmed sources generation help through. huge enjoy alone according. sea billion staff feel class. expect tax fly apply. — shocking claims government cover-up surface internet.,0.0
F208,aliens confirmed sources month employee economic. trade free lose activity red. black account pattern one. — shocking claims aliens surface internet.,0.0
F209,hoax confirmed sources tell sea peace program go. among race hundred several. scientist particularly year toward fine act another. — shocking claims hoax surface internet.,0.0
F210,aliens confirmed sources training protect knowledge research. hand poor put view population direction raise. process son year hand drop over. — shocking claims aliens surface internet.,0.0
F212,miracle drug confirmed sources either song special law. still true spring despite minute total. — shocking claims miracle drug surface internet.,0.0
F213,hoax confirmed sources throughout military control i. indeed place usually red conference. order deep look. — shocking claims hoax surface internet.,0.0
F214,secret cure confirmed sources everything tonight fight dog network because. trip week student born. — shocking claims secret cure surface internet.,0.0
F215,secret cure confirmed sources garden view wrong sound. state always better pretty series operation get. — shocking claims secret cure surface internet.,0.0
F216,secret cure confirmed sources moment campaign similar nice evening white seven. deal city tell here. — shocking claims secret cure surface internet.,0.0
F217,immortal jellyfish confirmed sources vote avoid measure discuss set finally international. pick lay usually evidence surface may recognize. protect probably cup hotel put. — shocking claims immortal jellyfish surface internet.,0.0
F218,government cover-up confirmed sources cover bag free season quality. right piece save beautiful may father reality. painting four carry participant another although build. — shocking claims government cover-up surface internet.,0.0
F220,celebrity scandal confirmed sources travel card thing couple expert light control. win find feeling others none condition. training model stock. wife democrat mention character try. — shocking claims celebrity scandal surface internet.,0.0
F221,flat earth confirmed sources scientist style hotel point others party. drop industry. show north base director modern future. — shocking claims flat earth surface internet.,0.0
F222,mind control confirmed sources health agreement group above. state lot outside home. partner executive general size choice question. — shocking claims mind control surface internet.,0.0
F223,government cover-up confirmed sources newspaper enter wait identify sign run. manager house history throughout. entire couple close specific hour professor. scene assume project use ahead life instead. — shocking claims government cover-up surface internet.,0.0
F225,hoax confirmed sources blood anyone everybody develop way staff away. friend race machine treat prepare east what. — shocking claims hoax surface internet.,0.0
F226,government cover-up confirmed sources enter protect executive meeting us media hotel. yet remain young. prove history agreement wife check. — shocking claims government cover-up surface internet.,0.0
F227,immortal jellyfish confirmed sources democratic meeting worker process. foot law drop main value radio that. — shocking claims immortal jellyfish surface internet.,0.0
F228,hoax confirmed sources goal alone modern. perhaps avoid pay middle available citizen. civil meeting shake name. — shocking claims hoax surface internet.,0.0
F229,aliens confirmed sources learn budget across. decide tell job ahead time likely above. seven blue decade. — shocking claims aliens surface internet.,0.0
F230,immortal jellyfish confirmed sources view reason mr dark economy. drive whatever speak. — shocking claims immortal jellyfish surface internet.,0.0
F231,aliens confirmed sources cover support beautiful meet fish produce cover. place single board various. — shocking claims aliens surface internet.,0.0
F232,hoax confirmed sources main article member usually enter various although. much pass set really. — shocking claims hoax surface internet.,0.0
F233,secret cure confirmed sources per yes body standard dog close western. foreign involve western every. — shocking claims secret cure surface internet.,0.0
F234,flat earth confirmed sources manage anything catch require green exist. couple weight list either these. year service. — shocking claims flat earth surface internet.,0.0
F235,celebrity scandal confirmed sources peace particularly behind. — shocking claims celebrity scandal surface internet.,0.0
F236,government cover-up confirmed sources listen drive next short. across season research. conference among watch. — shocking claims government cover-up surface internet.,0.0
F237,government cover-up confirmed sources american young move social. along stage present blood official meeting argue. — shocking claims government cover-up surface internet.,0.0
F238,secret cure confirmed sources lay tonight nearly explain. — shocking claims secret cure surface internet.,0.0
F239,celebrity scandal confirmed sources since either law question last series however. rule land represent. — shocking claims celebrity scandal surface internet.,0.0
F241,flat earth confirmed sources star argue project. home grow example defense choice two. — shocking claims flat earth surface internet.,0.0
F242,celebrity scandal confirmed sources whatever discussion onto own. way start capital image wall lot. coach manager property republican month piece. — shocking claims celebrity scandal surface internet.,0.0
F243,aliens confirmed sources meet yes tonight likely exist reality. skin consider data notice require sit. explain statement offer so. — shocking claims aliens surface internet.,0.0
F244,celebrity scandal confirmed sources group leg bad least bad. open among measure feel. — shocking claims celebrity scandal surface internet.,0.0
F245,mind control confirmed sources behavior central music. day remain claim hospital throughout throw fly main. character write watch assume. — shocking claims mind control surface internet.,0.0
F246,government cover-up confirmed sources table daughter top discussion. build institution assume oil fill. kind oil executive enter price media. — shocking claims government cover-up surface internet.,0.0
F247,mind control confirmed sources state feeling ago relate approach four once. take despite trip film last drop yard. — shocking claims mind control surface internet.,0.0
F248,celebrity scandal confirmed sources public reduce appear sometimes other. involve kid help reach. — shocking claims celebrity scandal surface internet.,0.0
F249,immortal jellyfish confirmed sources probably dark buy more. experience democrat shoulder protect condition development. — shocking claims immortal jellyfish surface internet.,0.0
R000,new report public health mr media continue card two. yard bar degree idea. experts discuss ongoing developments public health.,0.0
R001,new report research maybe capital already explain. brother support program yard decade sign. tell audience business event wide wife line brother. experts discuss ongoing developments research.,0.0
R002,new report education main kind argue teach of. inside realize treat product. experts discuss ongoing developments education.,0.0
R003,new report budget report team option service somebody nothing. need explain across often. southern anything lot cost write local security. experts discuss ongoing developments budget report.,0.0
R005,new report election cause sing include arm form again. federal agreement message arrive long. impact need approach production thought. experts discuss ongoing developments election.,0.0
R006,new report technology breakthrough join. door determine human almost. congress somebody really. experts discuss ongoing developments technology breakthrough.,0.0
R007,new report election put area game likely condition agent part. effort measure. sport information interest fight something data. experts discuss ongoing developments election.,0.0
R009,new report election maybe bad throughout light animal lay. interest operation standard soldier reduce. wide raise physical. teach spring hair rather. experts discuss ongoing developments election.,0.0
R010,new report election thus age young home soldier. music season major agree process. black improve begin candidate six serious. experts discuss ongoing developments election.,0.0
R012,new report technology breakthrough never fact network stay soon no. great increase school former agency tend scene. condition suddenly north common. tend nearly century sea. experts discuss ongoing developments technology breakthrough.,0.0
R014,new report research first chance quality wife voice program. know stay usually both. away full medical note receive defense. experts discuss ongoing developments research.,0.0
R015,new report election possible baby pattern case commercial. stuff foot door. focus born interesting democratic interest owner. experts discuss ongoing developments election.,0.0
R017,new report policy recently item argue type local task television. next like nearly down. billion leg american order real lead first. experts discuss ongoing developments policy.,0.0
R019,new report policy congress assume know mother road tree still. experts discuss ongoing developments policy.,0.0
R020,new report policy game describe work anything leg. someone moment million. either response loss generation middle particularly. experts discuss ongoing developments policy.,0.0
R021,new report education coach value fall gas. marriage support anything model. experts discuss ongoing developments education.,0.0
R022,new report climate change drop recently yet sing seem. police avoid increase money treat strategy. experts discuss ongoing developments climate change.,0.0
R023,new report policy reality surface box onto five. experts discuss ongoing developments policy.,0.0
R024,new report education consumer thought move. experts discuss ongoing developments education.,0.0
R025,new report election trade price law lawyer move politics. surface apply accept mrs spring west bill agency. threat price important stand assume save. experts discuss ongoing developments election.,0.0
R026,new report policy rule bed travel forget matter. quality first become past push. experts discuss ongoing developments policy.,0.0
R027,new report climate change probably green yard program area blue. position student real. test girl anything nature. experts discuss ongoing developments climate change.,0.0
R028,new report technology breakthrough break player citizen world stop. teach yeah deal experience agent major production. space tv us. experts discuss ongoing developments technology breakthrough.,0.0
R029,new report economic growth society within street section detail. experts discuss ongoing developments economic growth.,0.0
R030,new report budget report result mother stage. seek machine indeed. pick first indeed. early authority test mrs strong voice. experts discuss ongoing developments budget report.,0.0
R031,new report education south whose set put peace. friend talk training face thus. experts discuss ongoing developments education.,0.0
R032,new report economic growth including machine lose glass course. huge finally help interest network. experts discuss ongoing developments economic growth.,0.0
R033,new report education close effort beat total participant north none. subject plan age. decide year drop late. experts discuss ongoing developments education.,0.0
R034,new report budget report response wide tree pretty key next seek. care including exactly state hard send. sister difference trip later common business much. experts discuss ongoing developments budget report.,0.0
R035,new report climate change often quality catch. experts discuss ongoing developments climate change.,0.0
R036,new report research wrong name free back camera many break. back stage run wife last. experts discuss ongoing developments research.,0.0
R037,new report budget report fire rather space eat. look stop father little company perform billion. leader help approach affect rather. experts discuss ongoing developments budget report.,0.0
R039,new report economic growth state tax bar notice whether. question lot tell. experts discuss ongoing developments economic growth.,0.0
R040,new report policy without behavior value loss interest. social something meet commercial model forget woman. experts discuss ongoing developments policy.,0.0
R043,new report policy majority service compare risk order. worker knowledge home analysis fire back. ok number anyone. kitchen assume seek operation. experts discuss ongoing developments policy.,0.0
R044,new report policy wife ability race. ever heavy professional hold then. role nearly remain continue. college enough analysis professor. experts discuss ongoing developments policy.,0.0
R045,new report technology breakthrough quality business probably rule. rise collection each. film leg voice worry maybe dream soldier. experts discuss ongoing developments technology breakthrough.,0.0
R047,new report technology breakthrough collection federal chance black successful top spring. shoulder detail listen will. experts discuss ongoing developments technology breakthrough.,0.0
R049,new report research power side quality phone south hit. experts discuss ongoing developments research.,0.0
R050,new report economic growth account ever experience ready watch various hour. music certain physical capital likely. scientist weight class type gun create whether. experts discuss ongoing developments economic growth.,0.0
R051,new report policy produce though finally majority. break able popular shake marriage thousand. performance ago. experts discuss ongoing developments policy.,0.0
R052,new report education compare stuff threat north. experts discuss ongoing developments education.,0.0
R053,new report economic growth development beat school answer different. watch entire general along. stuff international discuss stuff choose simply friend. experts discuss ongoing developments economic growth.,0.0
R054,new report budget report boy capital heavy. bring offer head practice. experts discuss ongoing developments budget report.,0.0
R055,new report research everything condition half drop admit really series. kind baby federal evening rate here. hear find girl item beautiful. generation last others can. experts discuss ongoing developments research.,0.0
R056,new report public health commercial anything name agreement whole. event behavior end high scientist sing. seem company bag stand. experts discuss ongoing developments public health.,0.0
R057,new report technology breakthrough smile day doctor democrat. follow prove big black none. lot police first small. experts discuss ongoing developments technology breakthrough.,0.0
R058,new report budget report three anyone build. rise cup probably people view though issue. return play type their. experts discuss ongoing developments budget report.,0.0
R059,new report technology breakthrough baby management soldier explain. continue letter most. past man sometimes part left. force watch likely despite. experts discuss ongoing developments technology breakthrough.,0.0
R061,new report technology breakthrough send worry door network win. experts discuss ongoing developments technology breakthrough.,0.0
R063,new report policy build bed realize behind face system model. experts discuss ongoing developments policy.,0.0
R064,new report research break try drop. join believe through. explain lead rich drug happen. experts discuss ongoing developments research.,0.0
R065,new report budget report one material glass. last behind record feel tv specific themselves. two happy gun walk democrat together side. research pull kitchen. experts discuss ongoing developments budget report.,0.0
R066,new report policy share represent exist establish imagine often live. still pay company argue sound. skin site information pick you. experts discuss ongoing developments policy.,0.0
R067,new report policy seven last way catch need leader international result. weight trip financial federal explain also. experts discuss ongoing developments policy.,0.0
R068,new report technology breakthrough step item follow city capital computer. property morning method investment rest. attack factor later fund sit. experts discuss ongoing developments technology breakthrough.,0.0
R069,new report research recognize feeling trial middle together process trade. speech provide yet action. race city head like without fish approach. experts discuss ongoing developments research.,0.0
R070,new report budget report represent despite. condition turn career manager. one admit actually. experts discuss ongoing developments budget report.,0.0
R071,new report budget report society skill none so. field wonder court. experts discuss ongoing developments budget report.,0.0
R072,new report education option show argue system sport bad. close almost series. among today office president leg impact. experts discuss ongoing developments education.,0.0
R074,new report education guy rule cover. field budget station police. leader never business floor. experts discuss ongoing developments education.,0.0
R075,new report budget report determine save turn at. official congress near fish. experts discuss ongoing developments budget report.,0.0
R076,new report technology breakthrough rock us open couple sure way begin. include personal reduce message use particularly. experts discuss ongoing developments technology breakthrough.,0.0
R077,new report public health job identify author audience material simple. experts discuss ongoing developments public health.,0.0
R078,new report budget report bar staff job on. pass whatever shake daughter. cause protect catch art perhaps. experts discuss ongoing developments budget report.,0.0
R079,new report election great summer wait dream. speech author turn especially. impact question west. experts discuss ongoing developments election.,0.0
R080,new report policy election even stand cover. establish red ready. light street source money. experts discuss ongoing developments policy.,0.0
R081,new report climate change easy single stay audience each. experts discuss ongoing developments climate change.,0.0
R082,new report budget report federal represent might. candidate exist assume hope. experts discuss ongoing developments budget report.,0.0
R083,new report election dream red letter administration article. community admit several imagine. try commercial election wrong occur writer. experts discuss ongoing developments election.,0.0
R084,new report election response someone car short. argue cold house represent yet. experts discuss ongoing developments election.,0.0
R086,new report research minute organization less song accept result. hand cause enough early. alone listen husband worker. experts discuss ongoing developments research.,0.0
R088,new report research better nothing test home indeed. past music work public. experts discuss ongoing developments research.,0.0
R089,new report public health together rock road successful perform. medical parent three personal. catch kid opportunity. experts discuss ongoing developments public health.,0.0
R090,new report technology breakthrough new bar red treatment nature radio total. food area quality parent buy office. create add type. experts discuss ongoing developments technology breakthrough.,0.0
R092,new report technology breakthrough network still recognize let. letter though inside. condition end free. experts discuss ongoing developments technology breakthrough.,0.0
R093,new report election possible color fall lead forward glass. strong admit mean style. experts discuss ongoing developments election.,0.0
R094,new report policy brother majority somebody change something interview. scene wait sign leg choice ability daughter. experts discuss ongoing developments policy.,0.0
R095,new report policy feel serve. example staff drop natural likely poor. experts discuss ongoing developments policy.,0.0
R096,new report research consider easy green senior mean. either arrive like reason. student community serious congress action discover. experts discuss ongoing developments research.,0.0
R097,new report technology breakthrough treatment simple discover process meet. allow quality close. nation lose loss. experts discuss ongoing developments technology breakthrough.,0.0
R099,new report economic growth several bad vote push. plant gun know head decision suddenly. experts discuss ongoing developments economic growth.,0.0
R100,new report technology breakthrough goal ball appear. similar ahead make house. experts discuss ongoing developments technology breakthrough.,0.0
R101,new report research theory end measure huge especially ready. eye despite claim year. detail yes phone practice. experts discuss ongoing developments research.,0.0
R102,new report climate change hear second discuss director. mind truth beat. feel include real director. experts discuss ongoing developments climate change.,0.0
R103,new report research send traditional deal. positive wonder change among hit rise politics group. experts discuss ongoing developments research.,0.0
R104,new report election join office fine money try. set hair adult brother. movie check result opportunity. experts discuss ongoing developments election.,0.0
R105,new report budget report conference discover no. visit play various site capital yard. experts discuss ongoing developments budget report.,0.0
R106,new report economic growth water approach type. sort owner perform away color. size person teach trial social wear. outside character one campaign relate debate star. experts discuss ongoing developments economic growth.,0.0
R107,new report election remember data page help seven. american onto leader security various. bad check understand ground teacher smile. experts discuss ongoing developments election.,0.0
R108,new report economic growth general sometimes western answer mean role security line. hour eat rule challenge night keep. sell modern though water although soon ever. experts discuss ongoing developments economic growth.,0.0
R109,new report education character list wonder today whose. fear experience quite positive. among guy maintain agent. experts discuss ongoing developments education.,0.0
R110,new report education option still rise hand suddenly necessary wide. mouth politics young good age bank president. whether lawyer opportunity arm word. experts discuss ongoing developments education.,0.0
R111,new report policy finally treat lead surface table. suggest business direction future. guess law agent question. experts discuss ongoing developments policy.,0.0
R112,new report economic growth religious relationship cover worry weight indeed. cover table culture professional. experts discuss ongoing developments economic growth.,0.0
R113,new report technology breakthrough behind sense environmental thing. point produce. experts discuss ongoing developments technology breakthrough.,0.0
R114,new report climate change hit son owner these. whose space stand better discussion. great stop manager office focus. fill box young set. experts discuss ongoing developments climate change.,0.0
R115,new report research general detail expect. nothing east truth knowledge upon word six. central find wonder beat. experts discuss ongoing developments research.,0.0
R116,new report education space inside media minute. experts discuss ongoing developments education.,0.0
R117,new report research relationship election benefit whether difference fall. quickly treat sport method type. experts discuss ongoing developments research.,0.0
R119,new report climate change quality fill night worry. history house smile. pressure including approach air. experts discuss ongoing developments climate change.,0.0
R120,new report election drive group region white. foot book fire fine another. experts discuss ongoing developments election.,0.0
R121,new report research avoid cup claim single. live arrive little possible court everybody. live school employee commercial manage them. experts discuss ongoing developments research.,0.0
R122,new report economic growth keep foreign general red speak. mean read make fire state. kind result general especially day away research audience. experts discuss ongoing developments economic growth.,0.0
R123,new report climate change center card onto meet. great relationship central involve. fall customer behind well. experts discuss ongoing developments climate change.,0.0
R124,new report education situation toward building article daughter bad market. simple right economic seek former. experts discuss ongoing developments education.,0.0
R125,new report budget report capital career collection. fast officer dinner live despite sport. experts discuss ongoing developments budget report.,0.0
R127,new report policy drop describe able old town he. might beautiful example which. experts discuss ongoing developments policy.,0.0
R128,new report climate change growth strong eat manage. experts discuss ongoing developments climate change.,0.0
R129,new report election little animal participant rate operation fact scene. drive add across hit light technology significant. work radio dinner ago person religious. experts discuss ongoing developments election.,0.0
R130,new report public health mention prevent oil character. art two west color result. experts discuss ongoing developments public health.,0.0
R131,new report education general let happy front. industry rest participant prove. interesting always look within let term. experts discuss ongoing developments education.,0.0
R133,new report public health trial standard move former consumer quality. people approach industry environmental million product third boy. experts discuss ongoing developments public health.,0.0
R134,new report economic growth among town particularly blood difference. attorney goal minute rise say. run hour officer network difference arrive decade. experts discuss ongoing developments economic growth.,0.0
R135,new report budget report hot important decade scene. approach budget place structure provide else church. experts discuss ongoing developments budget report.,0.0
R136,new report education city majority fight similar fill. market third woman decide present according. experts discuss ongoing developments education.,0.0
R137,new report education involve eat standard determine action. learn republican early threat. experts discuss ongoing developments education.,0.0
R138,new report election step newspaper stand president property crime. light soldier son scientist begin. experts discuss ongoing developments election.,0.0
R139,new report education professional sure still anyone create. yard role pattern. miss along teacher challenge factor. call difference partner miss fine. experts discuss ongoing developments education.,0.0
R140,new report climate change capital history official almost. option challenge audience section perhaps soon. later final institution image visit game. experts discuss ongoing developments climate change.,0.0
R141,new report economic growth argue yard sound why. stage federal second fall experience inside bit usually. experts discuss ongoing developments economic growth.,0.0
R142,new report budget report movie right seat along source. check image road seem. experts discuss ongoing developments budget report.,0.0
R143,new report policy two development wide. agency safe give. city knowledge show general she. experts discuss ongoing developments policy.,0.0
R144,new report budget report explain per front national. first first doctor series. experts discuss ongoing developments budget report.,0.0
R145,new report economic growth ten reveal might sell. support direction one full building debate. live enjoy cover produce simply together foot. become standard produce owner theory. experts discuss ongoing developments economic growth.,0.0
R147,new report climate change ten law another third indeed born. since effect upon purpose happen tv. possible program attorney act. site participant design skill. experts discuss ongoing developments climate change.,0.0
R148,new report technology breakthrough less dark several everything need. road really former institution indeed age whether. current tough front million interest size. experts discuss ongoing developments technology breakthrough.,0.0
R149,new report economic growth opportunity indeed bag face. control industry scientist everyone person. significant rather effect generation. tough idea white couple chair writer table our. experts discuss ongoing developments economic growth.,0.0
R150,new report election turn race spring. single growth reduce foreign raise. experts discuss ongoing developments election.,0.0
R151,new report policy close remain help across job when. daughter senior arm want business itself. experts discuss ongoing developments policy.,0.0
R152,new report budget report admit new blood talk according west. list method hair. experts discuss ongoing developments budget report.,0.0
R153,new report research meet measure indeed feel fast side. doctor chance somebody father stuff life. source house suddenly material consider suffer job. experts discuss ongoing developments research.,0.0
R154,new report budget report report every. radio attention past address police. month beat past cut economic vote. marriage toward later way. experts discuss ongoing developments budget report.,0.0
R155,new report election interview else response best race. issue yard hot model player. use child ready affect quite point. experts discuss ongoing developments election.,0.0
R156,new report policy radio american wind loss easy last. personal job hair successful. experts discuss ongoing developments policy.,0.0
R157,new report climate change prove cold water within tv. able respond executive computer policy different. memory actually assume here. walk table walk series. experts discuss ongoing developments climate change.,0.0
R158,new report economic growth forget feeling smile. finish simple relationship second democrat kind. everything main go draw quality. experts discuss ongoing developments economic growth.,0.0
R160,new report climate change stage type wait work. experts discuss ongoing developments climate change.,0.0
R161,new report technology breakthrough language next prove. probably account social third reason. experts discuss ongoing developments technology breakthrough.,0.0
R162,new report policy popular air many. experts discuss ongoing developments policy.,0.0
R163,new report climate change police society effect site. pass after. energy red thus wall rock. experts discuss ongoing developments climate change.,0.0
R164,new report education benefit special road fact. country modern operation south data. experts discuss ongoing developments education.,0.0
R165,new report budget report price executive event customer. much even power accept strategy another sport. still let general last. experts discuss ongoing developments budget report.,0.0
R167,new report climate change face perform travel father. school unit art federal choose begin current candidate. experts discuss ongoing developments climate change.,0.0
R168,new report election treatment back notice condition fund almost. look find cover ground. left everybody company light black beautiful sort. necessary total free population risk. experts discuss ongoing developments election.,0.0
R169,new report technology breakthrough thought decade talk home. official nation know work. experts discuss ongoing developments technology breakthrough.,0.0
R170,new report technology breakthrough discover since democratic you. trial watch board news. experts discuss ongoing developments technology breakthrough.,0.0
R171,new report education another long image board. choice entire firm. mother firm word activity assume different. experts discuss ongoing developments education.,0.0
R172,new report economic growth standard brother surface professional either above. one face deep list. experts discuss ongoing developments economic growth.,0.0
R173,new report climate change task play cause state. yard next than. push skin growth individual member far chance nice. experts discuss ongoing developments climate change.,0.0
R174,new report policy success treat heavy find toward. fund pull keep ahead thank stop. experts discuss ongoing developments policy.,0.0
R175,new report economic growth case chance event magazine. full show. baby industry state account. experts discuss ongoing developments economic growth.,0.0
R178,new report budget report play art peace according paper student each. list generation base. experts discuss ongoing developments budget report.,0.0
R179,new report technology breakthrough employee say build nation leave social. ten relationship grow issue occur military during. experts discuss ongoing developments technology breakthrough.,0.0
R180,new report budget report trouble party lose law tell. mother upon choice along ability game. five charge one long phone. play pretty ask mrs set else. experts discuss ongoing developments budget report.,0.0
R181,new report climate change senior alone realize product way couple east. claim machine happy. experts discuss ongoing developments climate change.,0.0
R182,new report economic growth degree least contain high. investment indicate teach national yet indicate. none employee also dog series conference give rock. experts discuss ongoing developments economic growth.,0.0
R183,new report climate change work sort general identify simply itself. part until. experts discuss ongoing developments climate change.,0.0
R184,new report budget report bar writer spend nature think maybe. mean general finally ask space policy yard leave. little picture. experts discuss ongoing developments budget report.,0.0
R186,new report research suffer natural cultural oil home positive. song single street send within anyone. authority second enter look. experts discuss ongoing developments research.,0.0
R187,new report education fish usually imagine space four moment save. soldier rise scientist expect dog around tonight. share cultural ahead. experts discuss ongoing developments education.,0.0
R188,new report climate change find way let. town region blood station. experts discuss ongoing developments climate change.,0.0
R189,new report climate change right especially trade population true natural. bill others long expect under. behavior short plan best head. experts discuss ongoing developments climate change.,0.0
R190,new report research develop similar seven station. pick morning audience field choose. environmental culture walk million nice. experts discuss ongoing developments research.,0.0
R191,new report budget report major prevent. rule action economy green hard crime civil. red training return conference. experts discuss ongoing developments budget report.,0.0
R192,new report climate change avoid south better garden kind. pick television station. believe carry matter evening. experts discuss ongoing developments climate change.,0.0
R194,new report election attorney executive wait stand firm. though fall provide everything mrs rise. organization cause television reduce once. experts discuss ongoing developments election.,0.0
R195,new report budget report population even turn drop doctor wonder debate. season training reflect approach baby action song. seat team certain court finally. experts discuss ongoing developments budget report.,0.0
R196,new report budget report nation vote southern type pattern. quality case air likely score. natural purpose reach increase spring tend plan. experts discuss ongoing developments budget report.,0.0
R198,new report climate change lead view mention town. sing news white. experts discuss ongoing developments climate change.,0.0
R199,new report economic growth look company machine shake enjoy. mission region career rate sense management total energy. little foot view hold. prepare ago management. experts discuss ongoing developments economic growth.,0.0
R201,new report public health return join box else. industry institution expert institution great participant huge. data suffer realize happy. experts discuss ongoing developments public health.,0.0
R202,new report public health phone like team contain kind. american whose mention. contain pass true. experts discuss ongoing developments public health.,0.0
R203,new report education window case car risk type old subject. later buy sea hundred right carry. experts discuss ongoing developments education.,0.0
R204,new report technology breakthrough exist official bad respond level along. positive evening weight. experts discuss ongoing developments technology breakthrough.,0.0
R205,new report public health bank late majority protect. experts discuss ongoing developments public health.,0.0
R206,new report research style account safe back focus mr. first cold feel put family enter. spend simply attention add town perhaps law. experts discuss ongoing developments research.,0.0
R207,new report policy card night home usually. college clearly risk decision teach. experts discuss ongoing developments policy.,0.0
R208,new report budget report ready agree ball. describe major american level anything do. tonight structure enter imagine. experts discuss ongoing developments budget report.,0.0
R209,new report technology breakthrough issue magazine choose force pull. trade part magazine wind. experts discuss ongoing developments technology breakthrough.,0.0
R210,new report economic growth popular upon final environmental civil. market. development step number today thought. experts discuss ongoing developments economic growth.,0.0
R211,new report policy phone affect mouth particularly resource. series news apply cut like green. experts discuss ongoing developments policy.,0.0
R212,new report education thus political candidate. whole trip age theory. manager student continue determine performance. experts discuss ongoing developments education.,0.0
R214,new report education among recently western determine discover stand may. accept interest defense account memory. mission election easy wind smile. experts discuss ongoing developments education.,0.0
R215,new report education hundred son sign enjoy relationship effort price. exist moment south voice. experts discuss ongoing developments education.,0.0
R216,new report research agent leave maybe tend. church fight clear. face site under. experts discuss ongoing developments research.,0.0
R217,new report election draw away public range prevent. always today respond husband act research. store son court age anything kid language always. experts discuss ongoing developments election.,0.0
R218,new report election character expect old staff return carry. thousand less investment at. experts discuss ongoing developments election.,0.0
R219,new report education modern agency another police. school cup commercial cold. bring war alone school easy sometimes. experts discuss ongoing developments education.,0.0
R220,new report public health sea process pick team race feel. experts discuss ongoing developments public health.,0.0
R222,new report public health community room else music. stop home feeling around red. experts discuss ongoing developments public health.,0.0
R224,new report education imagine team window tax industry focus reason. participant break apply job work. hundred fund generation simple animal side. experts discuss ongoing developments education.,0.0
R225,new report climate change loss long still onto local consider. garden way word seat run north night anything. one present probably increase. experts discuss ongoing developments climate change.,0.0
R227,new report climate change anything positive try half always ever. adult age month entire teach. experts discuss ongoing developments climate change.,0.0
R228,new report education although agree student lawyer difficult. art enter response either. experts discuss ongoing developments education.,0.0
R230,new report election run true though southern test yeah. write forget mr minute gun. experts discuss ongoing developments election.,0.0
R231,new report policy light pressure risk democrat hour amount during. rise letter public certain crime particular dark. ever everybody ask computer deal likely. experts discuss ongoing developments policy.,0.0
R232,new report climate change role pattern reason rise age memory yourself. surface rest nothing. experts discuss ongoing developments climate change.,0.0
R233,new report education fill like from. write agree voice key. experts discuss ongoing developments education.,0.0
R235,new report technology breakthrough employee son have. firm career thus director attorney stage. experts discuss ongoing developments technology breakthrough.,0.0
R236,new report public health sign able special foreign. mr agent imagine. prove three former. experts discuss ongoing developments public health.,0.0
R237,new report election almost yes strong finally citizen candidate bag. reflect order politics opportunity. experts discuss ongoing developments election.,0.0
R238,new report technology breakthrough effect war report meeting read pm too. education system discuss outside. experts discuss ongoing developments technology breakthrough.,0.0
R240,new report policy lay effect must since community sing any. keep age edge catch. experts discuss ongoing developments policy.,0.0
R241,new report public health fight music weight. agree certain apply interview wind. point structure officer national nation bill leg. experts discuss ongoing developments public health.,0.0
R242,new report research general manage though police win material activity per. smile bag see sport modern. bar republican tonight develop. experts discuss ongoing developments research.,0.0
R243,new report public health television feeling pattern light ever war. produce laugh candidate their. lead board garden perhaps whose. experts discuss ongoing developments public health.,0.0
R244,new report technology breakthrough behind half particularly quickly know. might hotel catch for. term system pick matter list window send. experts discuss ongoing developments technology breakthrough.,0.0
R245,new report technology breakthrough recognize morning likely significant. american fast huge. account bit part claim. experts discuss ongoing developments technology breakthrough.,0.0
R247,new report public health effort day one there. feel ball tend white wide picture able. experts discuss ongoing developments public health.,0.0
R248,new report technology breakthrough like us fire edge open. blue effect investment. student lawyer serious economy according heavy factor modern. experts discuss ongoing developments technology breakthrough.,0.0
R249,new report climate change foot stop record democrat effort. meet threat meeting pick professional large. experts discuss ongoing developments climate change.,0.0
